plugin,kind,name,path,source,description_bytes,body_words,body_bytes,tools_bytes,claude_implicit,codex_implicit
core,skill,auth-md,/Users/satchmo/code/worktrees/prompts-factory-worker/skills/auth-md/SKILL.md,authored,431,1629,12744,0,True,True
core,skill,check-version,/Users/satchmo/code/worktrees/prompts-factory-worker/skills/check-version/SKILL.md,authored,497,216,1380,0,True,True
core,skill,codex-agent-setup,/Users/satchmo/code/worktrees/prompts-factory-worker/skills/codex-agent-setup/SKILL.md,authored,241,832,6243,0,False,False
core,skill,confess,/Users/satchmo/code/worktrees/prompts-factory-worker/skills/confess/SKILL.md,authored,332,686,4424,0,True,True
core,skill,front-desk,/Users/satchmo/code/worktrees/prompts-factory-worker/skills/front-desk/SKILL.md,authored,431,978,6631,0,True,True
core,skill,hammertime,/Users/satchmo/code/worktrees/prompts-factory-worker/skills/hammertime/SKILL.md,authored,376,2055,14428,0,True,True
core,skill,hook-manager,/Users/satchmo/code/worktrees/prompts-factory-worker/skills/hook-manager/SKILL.md,authored,238,686,4886,0,True,True
core,skill,humanize,/Users/satchmo/code/worktrees/prompts-factory-worker/skills/humanize/SKILL.md,authored,522,1441,10147,0,True,True
core,skill,linear-planning,/Users/satchmo/code/worktrees/prompts-factory-worker/skills/linear-planning/SKILL.md,authored,427,1057,7322,0,True,True
core,skill,reinforce-skills,/Users/satchmo/code/worktrees/prompts-factory-worker/skills/reinforce-skills/SKILL.md,authored,315,1063,7911,0,True,True
core,skill,remind,/Users/satchmo/code/worktrees/prompts-factory-worker/skills/remind/SKILL.md,authored,332,585,3985,0,True,True
core,skill,runtime-context,/Users/satchmo/code/worktrees/prompts-factory-worker/skills/runtime-context/SKILL.md,authored,469,533,3520,0,True,True
core,skill,setup,/Users/satchmo/code/worktrees/prompts-factory-worker/skills/setup/SKILL.md,authored,344,1242,8849,0,True,True
core,skill,visual-wayfinder,/Users/satchmo/code/worktrees/prompts-factory-worker/skills/visual-wayfinder/SKILL.md,authored,245,1145,8063,0,True,True
core,agent,community-manager,/Users/satchmo/code/worktrees/prompts-factory-worker/agents/community-manager.md,authored,370,1216,8581,95,,
core,agent,front-desk,/Users/satchmo/code/worktrees/prompts-factory-worker/agents/front-desk.md,authored,428,1797,12233,89,,
core,agent,project-manager,/Users/satchmo/code/worktrees/prompts-factory-worker/agents/project-manager.md,authored,423,1655,13028,85,,
core,command,/bug-hunt,/Users/satchmo/code/worktrees/prompts-factory-worker/commands/bug-hunt.md,authored,120,999,6632,0,,
core,command,/diagnose,/Users/satchmo/code/worktrees/prompts-factory-worker/commands/diagnose.md,authored,71,631,4256,0,,
core,command,/factory-init,/Users/satchmo/code/worktrees/prompts-factory-worker/commands/factory-init.md,authored,149,825,5994,0,,
core,command,/hammertime:manage,/Users/satchmo/code/worktrees/prompts-factory-worker/commands/hammertime/manage.md,authored,101,753,4955,0,,
core,command,/hammertime:start,/Users/satchmo/code/worktrees/prompts-factory-worker/commands/hammertime/start.md,authored,69,78,588,0,,
core,command,/hammertime:status,/Users/satchmo/code/worktrees/prompts-factory-worker/commands/hammertime/status.md,authored,66,26,214,0,,
core,command,/hammertime:stop,/Users/satchmo/code/worktrees/prompts-factory-worker/commands/hammertime/stop.md,authored,80,90,660,0,,
core,command,hammertime,/Users/satchmo/code/worktrees/prompts-factory-worker/commands/hammertime.md,authored,179,989,6844,0,,
core,command,/impact,/Users/satchmo/code/worktrees/prompts-factory-worker/commands/impact.md,authored,99,651,4166,0,,
core,command,/prime,/Users/satchmo/code/worktrees/prompts-factory-worker/commands/prime.md,authored,99,334,2188,0,,
core,command,/question,/Users/satchmo/code/worktrees/prompts-factory-worker/commands/question.md,authored,86,91,555,0,,
core,command,/review-wave,/Users/satchmo/code/worktrees/prompts-factory-worker/commands/review-wave.md,authored,93,821,5610,0,,
core,command,/utils:context,/Users/satchmo/code/worktrees/prompts-factory-worker/commands/utils/context.md,authored,71,179,1234,0,,
core,command,/visual-review,/Users/satchmo/code/worktrees/prompts-factory-worker/commands/visual-review.md,authored,121,146,887,0,,
brand-rep,agent,account-manager,/Users/satchmo/code/worktrees/prompts-factory-worker/modules/brand-rep/agents/account-manager.md,authored,363,167,1066,89,,
brand-rep,agent,social-media-manager,/Users/satchmo/code/worktrees/prompts-factory-worker/modules/brand-rep/agents/social-media-manager.md,authored,350,1014,6500,57,,
creative,skill,cli-demo-gif,/Users/satchmo/code/worktrees/prompts-factory-worker/modules/creative/skills/cli-demo-gif/SKILL.md,authored,291,289,1720,0,True,True
creative,skill,design-game-ui,/Users/satchmo/code/worktrees/prompts-factory-worker/modules/creative/skills/design-game-ui/SKILL.md,authored,291,1328,10049,0,True,True
creative,skill,html-to-pdf,/Users/satchmo/code/worktrees/prompts-factory-worker/modules/creative/skills/html-to-pdf/SKILL.md,authored,478,1306,9603,0,True,True
creative,skill,macos-design,/Users/satchmo/code/worktrees/prompts-factory-worker/modules/creative/skills/macos-design/SKILL.md,third-party,610,363,2475,0,True,True
creative,skill,native-sdk-macos-release,/Users/satchmo/code/worktrees/prompts-factory-worker/modules/creative/skills/native-sdk-macos-release/SKILL.md,authored,126,1205,8522,0,True,True
creative,skill,remotion-best-practices,/Users/satchmo/code/worktrees/prompts-factory-worker/modules/creative/skills/remotion-best-practices/SKILL.md,third-party,53,377,3375,0,True,True
creative,skill,shaders,/Users/satchmo/code/worktrees/prompts-factory-worker/modules/creative/skills/shaders/SKILL.md,authored,358,1037,7661,0,True,True
creative,skill,threejs-r3f,/Users/satchmo/code/worktrees/prompts-factory-worker/modules/creative/skills/threejs-r3f/SKILL.md,authored,345,817,6152,0,True,True
creative,skill,ui-audio-theme,/Users/satchmo/code/worktrees/prompts-factory-worker/modules/creative/skills/ui-audio-theme/SKILL.md,authored,359,1877,14190,0,True,True
creative,skill,voice-clone,/Users/satchmo/code/worktrees/prompts-factory-worker/modules/creative/skills/voice-clone/SKILL.md,authored,387,717,5342,0,True,True
creative,agent,audio-specialist,/Users/satchmo/code/worktrees/prompts-factory-worker/modules/creative/agents/audio-specialist.md,authored,321,2130,17280,95,,
creative,agent,cartographer,/Users/satchmo/code/worktrees/prompts-factory-worker/modules/creative/agents/cartographer.md,authored,537,3382,24856,95,,
creative,agent,creative-developer,/Users/satchmo/code/worktrees/prompts-factory-worker/modules/creative/agents/creative-developer.md,authored,381,1727,12621,95,,
creative,agent,native-desktop,/Users/satchmo/code/worktrees/prompts-factory-worker/modules/creative/agents/native-desktop.md,authored,429,1379,10043,95,,
dev-ops,skill,cost-tracking,/Users/satchmo/code/worktrees/prompts-factory-worker/modules/dev-ops/skills/cost-tracking/SKILL.md,authored,390,595,4455,0,True,True
dev-ops,skill,devops-scripts,/Users/satchmo/code/worktrees/prompts-factory-worker/modules/dev-ops/skills/devops-scripts/SKILL.md,authored,424,459,3244,0,True,True
dev-ops,skill,plaid-integration,/Users/satchmo/code/worktrees/prompts-factory-worker/modules/dev-ops/skills/plaid-integration/SKILL.md,authored,294,360,3144,0,True,True
dev-ops,skill,process-cleanup,/Users/satchmo/code/worktrees/prompts-factory-worker/modules/dev-ops/skills/process-cleanup/SKILL.md,authored,469,646,4113,0,True,True
dev-ops,skill,wait-for-ci,/Users/satchmo/code/worktrees/prompts-factory-worker/modules/dev-ops/skills/wait-for-ci/SKILL.md,authored,318,747,4704,0,True,True
dev-ops,agent,data,/Users/satchmo/code/worktrees/prompts-factory-worker/modules/dev-ops/agents/data.md,authored,369,1989,18127,118,,
dev-ops,agent,database,/Users/satchmo/code/worktrees/prompts-factory-worker/modules/dev-ops/agents/database.md,authored,384,3282,25931,95,,
dev-ops,agent,devops,/Users/satchmo/code/worktrees/prompts-factory-worker/modules/dev-ops/agents/devops.md,authored,578,2888,23000,581,,
dev-ops,agent,integration-expert,/Users/satchmo/code/worktrees/prompts-factory-worker/modules/dev-ops/agents/integration-expert.md,authored,346,2034,17858,112,,
dev-ops,agent,payments,/Users/satchmo/code/worktrees/prompts-factory-worker/modules/dev-ops/agents/payments.md,authored,386,1219,9752,165,,
mcp-dev,skill,add-app-to-server,/Users/satchmo/code/worktrees/prompts-factory-worker/modules/mcp-dev/skills/add-app-to-server/SKILL.md,third-party,407,1653,12939,0,True,True
mcp-dev,skill,convert-web-app,/Users/satchmo/code/worktrees/prompts-factory-worker/modules/mcp-dev/skills/convert-web-app/SKILL.md,third-party,506,2421,18600,0,True,True
mcp-dev,skill,create-mcp-app,/Users/satchmo/code/worktrees/prompts-factory-worker/modules/mcp-dev/skills/create-mcp-app/SKILL.md,third-party,337,929,7216,0,True,True
mcp-dev,skill,json-render-core,/Users/satchmo/code/worktrees/prompts-factory-worker/modules/mcp-dev/skills/json-render-core/SKILL.md,third-party,212,1165,8955,0,True,True
mcp-dev,skill,json-render-devtools,/Users/satchmo/code/worktrees/prompts-factory-worker/modules/mcp-dev/skills/json-render-devtools/SKILL.md,third-party,477,1120,8524,0,True,True
mcp-dev,skill,json-render-directives,/Users/satchmo/code/worktrees/prompts-factory-worker/modules/mcp-dev/skills/json-render-directives/SKILL.md,third-party,281,792,6291,0,True,True
mcp-dev,skill,json-render-image,/Users/satchmo/code/worktrees/prompts-factory-worker/modules/mcp-dev/skills/json-render-image/SKILL.md,third-party,224,364,2615,0,True,True
mcp-dev,skill,json-render-mcp,/Users/satchmo/code/worktrees/prompts-factory-worker/modules/mcp-dev/skills/json-render-mcp/SKILL.md,third-party,200,480,3924,0,True,True
mcp-dev,skill,json-render-react,/Users/satchmo/code/worktrees/prompts-factory-worker/modules/mcp-dev/skills/json-render-react/SKILL.md,third-party,209,1161,8693,0,True,True
mcp-dev,skill,json-render-react-email,/Users/satchmo/code/worktrees/prompts-factory-worker/modules/mcp-dev/skills/json-render-react-email/SKILL.md,third-party,382,773,5730,0,True,True
mcp-dev,skill,json-render-react-native,/Users/satchmo/code/worktrees/prompts-factory-worker/modules/mcp-dev/skills/json-render-react-native/SKILL.md,third-party,248,832,6103,0,True,True
mcp-dev,skill,json-render-remotion,/Users/satchmo/code/worktrees/prompts-factory-worker/modules/mcp-dev/skills/json-render-remotion/SKILL.md,third-party,229,335,2796,0,True,True
mcp-dev,skill,json-render-shadcn,/Users/satchmo/code/worktrees/prompts-factory-worker/modules/mcp-dev/skills/json-render-shadcn/SKILL.md,third-party,195,834,6243,0,True,True
mcp-dev,skill,mcp-apps,/Users/satchmo/code/worktrees/prompts-factory-worker/modules/mcp-dev/skills/mcp-apps/SKILL.md,authored,492,944,7468,0,True,True
mcp-dev,agent,mcp,/Users/satchmo/code/worktrees/prompts-factory-worker/modules/mcp-dev/agents/mcp.md,authored,433,14727,113537,89,,
orchestra,skill,advisor,/Users/satchmo/code/worktrees/prompts-factory-worker/modules/orchestra/skills/advisor/SKILL.md,authored,410,443,3089,0,True,True
orchestra,skill,claudex,/Users/satchmo/code/worktrees/prompts-factory-worker/modules/orchestra/skills/claudex/SKILL.md,authored,354,678,4509,0,True,True
orchestra,skill,coordinator,/Users/satchmo/code/worktrees/prompts-factory-worker/modules/orchestra/skills/coordinator/SKILL.md,authored,268,954,6524,0,True,True
orchestra,skill,deploy-agent-team,/Users/satchmo/code/worktrees/prompts-factory-worker/modules/orchestra/skills/deploy-agent-team/SKILL.md,authored,351,1347,9843,0,False,True
orchestra,skill,orchestrator,/Users/satchmo/code/worktrees/prompts-factory-worker/modules/orchestra/skills/orchestrator/SKILL.md,authored,290,662,4809,0,True,True
orchestra,skill,software-factory,/Users/satchmo/code/worktrees/prompts-factory-worker/modules/orchestra/skills/software-factory/SKILL.md,authored,427,3504,23954,0,True,True
orchestra,skill,visual-coordinator,/Users/satchmo/code/worktrees/prompts-factory-worker/modules/orchestra/skills/visual-coordinator/SKILL.md,authored,655,1527,10762,0,True,True
orchestra,skill,wave-coordinator,/Users/satchmo/code/worktrees/prompts-factory-worker/modules/orchestra/skills/wave-coordinator/SKILL.md,authored,260,1535,10011,0,True,True
orchestra,agent,agent-builder,/Users/satchmo/code/worktrees/prompts-factory-worker/modules/orchestra/agents/agent-builder.md,authored,485,10153,80123,95,,
plugin-kit,skill,agent-auditor,/Users/satchmo/code/worktrees/prompts-factory-worker/modules/plugin-kit/skills/agent-auditor/SKILL.md,authored,401,1445,10042,0,True,True
plugin-kit,skill,agent-decommissioning,/Users/satchmo/code/worktrees/prompts-factory-worker/modules/plugin-kit/skills/agent-decommissioning/SKILL.md,authored,432,931,6562,0,True,True
plugin-kit,skill,agent-onboarding,/Users/satchmo/code/worktrees/prompts-factory-worker/modules/plugin-kit/skills/agent-onboarding/SKILL.md,authored,403,1847,12416,0,True,True
plugin-kit,skill,benchmark-skills,/Users/satchmo/code/worktrees/prompts-factory-worker/modules/plugin-kit/skills/benchmark-skills/SKILL.md,authored,207,1805,11924,0,True,True
plugin-kit,skill,npm-publish,/Users/satchmo/code/worktrees/prompts-factory-worker/modules/plugin-kit/skills/npm-publish/SKILL.md,authored,481,729,5089,0,True,True
plugin-kit,skill,plugin-module-split,/Users/satchmo/code/worktrees/prompts-factory-worker/modules/plugin-kit/skills/plugin-module-split/SKILL.md,authored,490,973,6524,0,True,True
plugin-kit,skill,plugin-settings,/Users/satchmo/code/worktrees/prompts-factory-worker/modules/plugin-kit/skills/plugin-settings/SKILL.md,authored,405,1379,10471,0,True,True
plugin-kit,skill,publish-request,/Users/satchmo/code/worktrees/prompts-factory-worker/modules/plugin-kit/skills/publish-request/SKILL.md,authored,400,107,694,0,False,True
plugin-kit,skill,skill-publish,/Users/satchmo/code/worktrees/prompts-factory-worker/modules/plugin-kit/skills/skill-publish/SKILL.md,authored,379,870,6409,0,False,True
plugin-kit,skill,statusline-setup,/Users/satchmo/code/worktrees/prompts-factory-worker/modules/plugin-kit/skills/statusline-setup/SKILL.md,authored,335,532,4272,0,False,True
plugin-kit,agent,prompt-engineer,/Users/satchmo/code/worktrees/prompts-factory-worker/modules/plugin-kit/agents/prompt-engineer.md,authored,392,8713,64991,42,,
plugin-kit,agent,trainer,/Users/satchmo/code/worktrees/prompts-factory-worker/modules/plugin-kit/agents/trainer.md,authored,389,1622,10463,95,,
research,skill,notebooklm,/Users/satchmo/code/worktrees/prompts-factory-worker/modules/research/skills/notebooklm/SKILL.md,authored,415,597,4651,0,False,True
research,skill,persona,/Users/satchmo/code/worktrees/prompts-factory-worker/modules/research/skills/persona/SKILL.md,authored,270,1360,9931,0,True,True
research,skill,x-research,/Users/satchmo/code/worktrees/prompts-factory-worker/modules/research/skills/x-research/SKILL.md,authored,369,1197,9623,0,True,True
research,skill,x-tweet-fetch,/Users/satchmo/code/worktrees/prompts-factory-worker/modules/research/skills/x-tweet-fetch/SKILL.md,authored,233,78,710,0,True,True
research,skill,x-tweet-search,/Users/satchmo/code/worktrees/prompts-factory-worker/modules/research/skills/x-tweet-search/SKILL.md,authored,276,123,1040,0,True,True
research,skill,x-user-lookup,/Users/satchmo/code/worktrees/prompts-factory-worker/modules/research/skills/x-user-lookup/SKILL.md,authored,199,79,664,0,True,True
research,skill,x-user-timeline,/Users/satchmo/code/worktrees/prompts-factory-worker/modules/research/skills/x-user-timeline/SKILL.md,authored,199,110,924,0,True,True
research,agent,documentation-writer,/Users/satchmo/code/worktrees/prompts-factory-worker/modules/research/agents/documentation-writer.md,authored,342,839,5574,89,,
research,agent,executive-assistant,/Users/satchmo/code/worktrees/prompts-factory-worker/modules/research/agents/executive-assistant.md,authored,345,871,7264,24,,
research,agent,researcher,/Users/satchmo/code/worktrees/prompts-factory-worker/modules/research/agents/researcher.md,authored,390,2522,19108,100,,
review,skill,code-audit-scripts,/Users/satchmo/code/worktrees/prompts-factory-worker/modules/review/skills/code-audit-scripts/SKILL.md,authored,451,272,1970,0,True,True
review,skill,codex-security,/Users/satchmo/code/worktrees/prompts-factory-worker/modules/review/skills/codex-security/SKILL.md,authored,421,1603,10714,0,True,True
review,skill,free-roam-testing,/Users/satchmo/code/worktrees/prompts-factory-worker/modules/review/skills/free-roam-testing/SKILL.md,authored,360,790,5298,0,True,True
review,skill,hunter-skeptic-referee,/Users/satchmo/code/worktrees/prompts-factory-worker/modules/review/skills/hunter-skeptic-referee/SKILL.md,authored,426,825,5568,0,True,True
review,skill,visual-proposal,/Users/satchmo/code/worktrees/prompts-factory-worker/modules/review/skills/visual-proposal/SKILL.md,authored,349,4284,27490,0,True,True
review,skill,visual-review,/Users/satchmo/code/worktrees/prompts-factory-worker/modules/review/skills/visual-review/SKILL.md,authored,373,1925,12478,0,True,True
review,skill,wayfinder,/Users/satchmo/code/worktrees/prompts-factory-worker/modules/review/skills/wayfinder/SKILL.md,third-party,203,1975,11626,0,False,False
review,agent,architecture-reviewer,/Users/satchmo/code/worktrees/prompts-factory-worker/modules/review/agents/architecture-reviewer.md,authored,359,1090,8529,118,,
review,agent,code-auditor,/Users/satchmo/code/worktrees/prompts-factory-worker/modules/review/agents/code-auditor.md,authored,571,2738,20175,391,,
review,agent,consolidator,/Users/satchmo/code/worktrees/prompts-factory-worker/modules/review/agents/consolidator.md,authored,374,905,6789,159,,
review,agent,security-ops,/Users/satchmo/code/worktrees/prompts-factory-worker/modules/review/agents/security-ops.md,authored,431,2975,21156,433,,
review,agent,tester,/Users/satchmo/code/worktrees/prompts-factory-worker/modules/review/agents/tester.md,authored,393,1495,11167,108,,
web-dev,skill,charting,/Users/satchmo/code/worktrees/prompts-factory-worker/modules/web-dev/skills/charting/SKILL.md,authored,326,973,5994,0,True,True
web-dev,skill,chrome-cdp,/Users/satchmo/code/worktrees/prompts-factory-worker/modules/web-dev/skills/chrome-cdp/SKILL.md,authored,437,571,4194,0,True,True
web-dev,skill,create-next-project,/Users/satchmo/code/worktrees/prompts-factory-worker/modules/web-dev/skills/create-next-project/SKILL.md,authored,397,1902,13567,0,True,True
web-dev,skill,frontend-performance,/Users/satchmo/code/worktrees/prompts-factory-worker/modules/web-dev/skills/frontend-performance/SKILL.md,authored,332,619,4774,0,True,True
web-dev,skill,generative-ui,/Users/satchmo/code/worktrees/prompts-factory-worker/modules/web-dev/skills/generative-ui/SKILL.md,authored,360,991,7405,0,True,True
web-dev,skill,github-stars,/Users/satchmo/code/worktrees/prompts-factory-worker/modules/web-dev/skills/github-stars/SKILL.md,authored,458,333,2425,0,True,True
web-dev,skill,nextjs-upgrade,/Users/satchmo/code/worktrees/prompts-factory-worker/modules/web-dev/skills/nextjs-upgrade/SKILL.md,authored,418,889,6842,0,True,True
web-dev,skill,perf-audit,/Users/satchmo/code/worktrees/prompts-factory-worker/modules/web-dev/skills/perf-audit/SKILL.md,authored,452,239,1743,0,True,True
web-dev,skill,shadscan,/Users/satchmo/code/worktrees/prompts-factory-worker/modules/web-dev/skills/shadscan/SKILL.md,authored,413,723,4955,0,True,True
web-dev,agent,designer,/Users/satchmo/code/worktrees/prompts-factory-worker/modules/web-dev/agents/designer.md,authored,421,4261,33363,544,,
web-dev,agent,mobile,/Users/satchmo/code/worktrees/prompts-factory-worker/modules/web-dev/agents/mobile.md,authored,384,1331,10413,95,,
web-dev,agent,nextjs,/Users/satchmo/code/worktrees/prompts-factory-worker/modules/web-dev/agents/nextjs.md,authored,318,5347,39407,95,,
web-dev,agent,optimizer,/Users/satchmo/code/worktrees/prompts-factory-worker/modules/web-dev/agents/optimizer.md,authored,429,1772,13997,95,,
